Product,Week,Model,Period,Avg_Quantity_Pred
4A0100000001,8,Prophet,Holdout,2.870246795309123
4A0100000001,9,Prophet,Holdout,3.2846641649901316
4A0100000001,10,Prophet,Holdout,2.4122033586821607
4A0100000001,11,Prophet,Holdout,1.1708594000057118
4A0100000001,12,Prophet,Holdout,0.5387180224878814
4A0100000001,13,Prophet,Holdout,1.0505049283506975
4A0100000001,14,Prophet,Holdout,2.2018490720787147
4A0100000001,15,Prophet,Holdout,2.4887372246876196
4A0100000001,16,Prophet,Holdout,1.3921432039972454
4A0100000001,17,Prophet,Holdout,0.24195063927206983
4A0100000001,18,Prophet,Holdout,0.0
4A0100000001,19,Prophet,Holdout,0.37486809837019724
4A0100000001,20,Prophet,Holdout,2.849169272974785
4A0100000001,21,Prophet,Holdout,4.970128704994515
4A0100000001,21,Prophet,Forecast,1.6998317496141888
4A0100000001,22,Prophet,Forecast,2.582419843734705
4A0100000001,23,Prophet,Forecast,1.1616918453689993
4A0100000001,24,Prophet,Forecast,0.18176293337368077
4A0100000001,25,Prophet,Forecast,0.09037699458731412
4A0100000001,8,XGBoost,Holdout,1.3765723705291748
4A0100000001,9,XGBoost,Holdout,1.6270698479243688
4A0100000001,10,XGBoost,Holdout,1.4513718060084753
4A0100000001,11,XGBoost,Holdout,1.468624200139727
4A0100000001,12,XGBoost,Holdout,1.564617361341204
4A0100000001,13,XGBoost,Holdout,1.397092376436506
4A0100000001,14,XGBoost,Holdout,1.4398961918694633
4A0100000001,15,XGBoost,Holdout,1.4706390585218156
4A0100000001,16,XGBoost,Holdout,1.433865717479161
4A0100000001,17,XGBoost,Holdout,1.4011963776179723
4A0100000001,18,XGBoost,Holdout,1.4971895388194494
4A0100000001,19,XGBoost,Holdout,1.421553713934762
4A0100000001,20,XGBoost,Holdout,1.4949117388044084
4A0100000001,21,XGBoost,Holdout,1.4053003787994385
4A0100000001,21,XGBoost,Forecast,1.7557683885097504
4A0100000001,22,XGBoost,Forecast,1.8203984158379691
4A0100000001,23,XGBoost,Forecast,1.7832438605172294
4A0100000001,24,XGBoost,Forecast,1.8445673329489571
4A0100000001,25,XGBoost,Forecast,1.8038311004638672
4A0100000001,8,LightGBM,Holdout,1.1935226821762823
4A0100000001,9,LightGBM,Holdout,1.5758036901995758
4A0100000001,10,LightGBM,Holdout,1.3991103971301406
4A0100000001,11,LightGBM,Holdout,1.4229016789553117
4A0100000001,12,LightGBM,Holdout,1.5420751046479022
4A0100000001,13,LightGBM,Holdout,1.3766337926442829
4A0100000001,14,LightGBM,Holdout,1.333334898023111
4A0100000001,15,LightGBM,Holdout,1.2577280814639982
4A0100000001,16,LightGBM,Holdout,1.2256253818201404
4A0100000001,17,LightGBM,Holdout,1.193522682176282
4A0100000001,18,LightGBM,Holdout,1.2956037913591723
4A0100000001,19,LightGBM,Holdout,1.2256253818201404
4A0100000001,20,LightGBM,Holdout,1.4502164386012926
4A0100000001,21,LightGBM,Holdout,1.3564682302278077
4A0100000001,21,LightGBM,Forecast,1.8586192410406952
4A0100000001,22,LightGBM,Forecast,1.9788877677046923
4A0100000001,23,LightGBM,Forecast,1.9298400735941577
4A0100000001,24,LightGBM,Forecast,1.9938482520564382
4A0100000001,25,LightGBM,Forecast,2.226237450985527
4A0100000001,8,CatBoost,Holdout,1.5770019526721575
4A0100000001,9,CatBoost,Holdout,1.9793671527965058
4A0100000001,10,CatBoost,Holdout,1.6550156661312008
4A0100000001,11,CatBoost,Holdout,1.6746750931707948
4A0100000001,12,CatBoost,Holdout,1.8257512848088173
4A0100000001,13,CatBoost,Holdout,1.6391240426962603
4A0100000001,14,CatBoost,Holdout,1.676815712815576
4A0100000001,15,CatBoost,Holdout,1.6250870555745993
4A0100000001,16,CatBoost,Holdout,1.5996835432465824
4A0100000001,17,CatBoost,Holdout,1.6126940335805813
4A0100000001,18,CatBoost,Holdout,1.6870194888932815
4A0100000001,19,CatBoost,Holdout,1.599255419317626
4A0100000001,20,CatBoost,Holdout,1.6483411468266362
4A0100000001,21,CatBoost,Holdout,1.6106961219121188
4A0100000001,21,CatBoost,Forecast,1.678998838368062
4A0100000001,22,CatBoost,Forecast,1.8626525700746142
4A0100000001,23,CatBoost,Forecast,1.7648996782937172
4A0100000001,24,CatBoost,Forecast,1.7745011881192487
4A0100000001,25,CatBoost,Forecast,1.7703439257891092
4A0100000001,8,Ensemble,Holdout,1.606330056007552
4A0100000001,9,Ensemble,Holdout,1.9610741332758106
4A0100000001,10,Ensemble,Holdout,1.63780788904958
4A0100000001,11,Ensemble,Holdout,1.4571399832480108
4A0100000001,12,Ensemble,Holdout,1.457768544075229
4A0100000001,13,Ensemble,Holdout,1.3944800279998308
4A0100000001,14,Ensemble,Holdout,1.5858149276165732
4A0100000001,15,Ensemble,Holdout,1.6040944604628955
4A0100000001,16,Ensemble,Holdout,1.4026759570687617
4A0100000001,17,Ensemble,Holdout,1.203249903007584
4A0100000001,18,Ensemble,Holdout,1.2420121376295659
4A0100000001,19,Ensemble,Holdout,1.2369688851787142
4A0100000001,20,Ensemble,Holdout,1.7341573628806763
4A0100000001,21,Ensemble,Holdout,2.008158334974908
4A0100000001,21,Ensemble,Forecast,1.7602266832898503
4A0100000001,22,Ensemble,Forecast,2.0015598726164407
4A0100000001,23,Ensemble,Forecast,1.7254635352561671
4A0100000001,24,Ensemble,Forecast,1.6091023576403551
4A0100000001,25,Ensemble,Forecast,1.6544122467821503
4A0100000002,8,Prophet,Holdout,17.093225479416557
4A0100000002,9,Prophet,Holdout,20.93799574993597
4A0100000002,10,Prophet,Holdout,26.010494345133075
4A0100000002,11,Prophet,Holdout,25.941479409481325
4A0100000002,12,Prophet,Holdout,22.636593430718136
4A0100000002,13,Prophet,Holdout,22.059350733278993
4A0100000002,14,Prophet,Holdout,27.612723654455717
4A0100000002,15,Prophet,Holdout,36.12172547637171
4A0100000002,16,Prophet,Holdout,40.963440198427755
4A0100000002,17,Prophet,Holdout,38.78039560569855
4A0100000002,18,Prophet,Holdout,32.40093766749364
4A0100000002,19,Prophet,Holdout,27.27236922564604
4A0100000002,20,Prophet,Holdout,25.989848334399305
4A0100000002,21,Prophet,Holdout,24.76673006366798
4A0100000002,21,Prophet,Forecast,19.63479165283549
4A0100000002,22,Prophet,Forecast,17.334959733512154
4A0100000002,23,Prophet,Forecast,12.403701399670979
4A0100000002,24,Prophet,Forecast,11.732758892669798
4A0100000002,25,Prophet,Forecast,12.495931703934202
4A0100000002,8,XGBoost,Holdout,14.129265785217285
4A0100000002,9,XGBoost,Holdout,18.84400599343436
4A0100000002,10,XGBoost,Holdout,22.91220828465053
4A0100000002,11,XGBoost,Holdout,24.673014777047293
4A0100000002,12,XGBoost,Holdout,25.244813919067383
4A0100000002,13,XGBoost,Holdout,25.244813919067383
4A0100000002,14,XGBoost,Holdout,25.244813919067383
4A0100000002,15,XGBoost,Holdout,25.244813919067383
4A0100000002,16,XGBoost,Holdout,25.244813919067383
4A0100000002,17,XGBoost,Holdout,25.244813919067383
4A0100000002,18,XGBoost,Holdout,25.244813919067383
4A0100000002,19,XGBoost,Holdout,25.244813919067383
4A0100000002,20,XGBoost,Holdout,25.244813919067383
4A0100000002,21,XGBoost,Holdout,25.244813919067383
4A0100000002,21,XGBoost,Forecast,25.244813919067383
4A0100000002,22,XGBoost,Forecast,25.244813919067383
4A0100000002,23,XGBoost,Forecast,25.244813919067383
4A0100000002,24,XGBoost,Forecast,25.244813919067383
4A0100000002,25,XGBoost,Forecast,25.244813919067383
4A0100000002,8,LightGBM,Holdout,9.647933002160231
4A0100000002,9,LightGBM,Holdout,10.383401287677177
4A0100000002,10,LightGBM,Holdout,10.401241206148015
4A0100000002,11,LightGBM,Holdout,9.985660071717268
4A0100000002,12,LightGBM,Holdout,9.985660071717268
4A0100000002,13,LightGBM,Holdout,9.985660071717268
4A0100000002,14,LightGBM,Holdout,9.985660071717268
4A0100000002,15,LightGBM,Holdout,9.985660071717268
4A0100000002,16,LightGBM,Holdout,9.985660071717268
4A0100000002,17,LightGBM,Holdout,9.985660071717268
4A0100000002,18,LightGBM,Holdout,9.985660071717268
4A0100000002,19,LightGBM,Holdout,9.985660071717268
4A0100000002,20,LightGBM,Holdout,9.985660071717268
4A0100000002,21,LightGBM,Holdout,9.985660071717268
4A0100000002,21,LightGBM,Forecast,9.985660071717268
4A0100000002,22,LightGBM,Forecast,9.985660071717268
4A0100000002,23,LightGBM,Forecast,9.985660071717268
4A0100000002,24,LightGBM,Forecast,9.985660071717268
4A0100000002,25,LightGBM,Forecast,9.985660071717268
4A0100000002,8,CatBoost,Holdout,11.897940568040896
4A0100000002,9,CatBoost,Holdout,16.131462849623965
4A0100000002,10,CatBoost,Holdout,19.530730158021605
4A0100000002,11,CatBoost,Holdout,21.839265779950406
4A0100000002,12,CatBoost,Holdout,22.56231439090886
4A0100000002,13,CatBoost,Holdout,22.458972894980093
4A0100000002,14,CatBoost,Holdout,22.264763102093386
4A0100000002,15,CatBoost,Holdout,22.728071987557932
4A0100000002,16,CatBoost,Holdout,22.7695019452153
4A0100000002,17,CatBoost,Holdout,22.692754969234553
4A0100000002,18,CatBoost,Holdout,22.727593011555346
4A0100000002,19,CatBoost,Holdout,22.879529504531273
4A0100000002,20,CatBoost,Holdout,22.706057275011606
4A0100000002,21,CatBoost,Holdout,22.6876631350994
4A0100000002,21,CatBoost,Forecast,22.827094663173632
4A0100000002,22,CatBoost,Forecast,22.873722131122836
4A0100000002,23,CatBoost,Forecast,22.582560511094872
4A0100000002,24,CatBoost,Forecast,22.591952616973355
4A0100000002,25,CatBoost,Forecast,23.012384266723917
4A0100000002,8,Ensemble,Holdout,12.492739315453758
4A0100000002,9,Ensemble,Holdout,15.404558346731433
4A0100000002,10,Ensemble,Holdout,17.963599015970665
4A0100000002,11,Ensemble,Holdout,18.65336301005351
4A0100000002,12,Ensemble,Holdout,18.28954570755854
4A0100000002,13,Ensemble,Holdout,18.155574172474516
4A0100000002,14,Ensemble,Holdout,19.185764252501617
4A0100000002,15,Ensemble,Holdout,20.929868375867304
4A0100000002,16,Ensemble,Holdout,21.873915984688608
4A0100000002,17,Ensemble,Holdout,21.435621762528257
4A0100000002,18,Ensemble,Holdout,20.21120753490453
4A0100000002,19,Ensemble,Holdout,19.253853684846373
4A0100000002,20,Ensemble,Holdout,18.96841357785448
4A0100000002,21,Ensemble,Holdout,18.72820170092758
4A0100000002,21,Ensemble,Forecast,17.767475041793332
4A0100000002,22,Ensemble,Forecast,17.33348228894671
4A0100000002,23,Ensemble,Forecast,16.31778204080363
4A0100000002,24,Ensemble,Forecast,16.19025439228306
4A0100000002,25,Ensemble,Forecast,16.42915485171576
4A2000000060,8,Prophet,Holdout,35.08339570506277
4A2000000060,9,Prophet,Holdout,37.15108363626046
4A2000000060,10,Prophet,Holdout,23.37797283624133
4A2000000060,11,Prophet,Holdout,10.63817302119369
4A2000000060,12,Prophet,Holdout,4.705295332986032
4A2000000060,13,Prophet,Holdout,6.081639554502048
4A2000000060,14,Prophet,Holdout,10.627275699030028
4A2000000060,15,Prophet,Holdout,11.711061067936921
4A2000000060,16,Prophet,Holdout,8.824996350242582
4A2000000060,17,Prophet,Holdout,7.343440650442692
4A2000000060,18,Prophet,Holdout,11.85481428070224
4A2000000060,19,Prophet,Holdout,20.200410616179674
4A2000000060,20,Prophet,Holdout,21.962783921375838
4A2000000060,21,Prophet,Holdout,26.92306732409752
4A2000000060,21,Prophet,Forecast,18.036100677018627
4A2000000060,22,Prophet,Forecast,21.370792654244333
4A2000000060,23,Prophet,Forecast,23.524001668588316
4A2000000060,24,Prophet,Forecast,27.406472634897426
4A2000000060,25,Prophet,Forecast,32.84238856843907
4A2000000060,8,XGBoost,Holdout,22.992412567138672
4A2000000060,9,XGBoost,Holdout,28.251113619123185
4A2000000060,10,XGBoost,Holdout,31.790469033377512
4A2000000060,11,XGBoost,Holdout,31.803993225097656
4A2000000060,12,XGBoost,Holdout,31.889886583600724
4A2000000060,13,XGBoost,Holdout,31.88075692313058
4A2000000060,14,XGBoost,Holdout,31.84237507411412
4A2000000060,15,XGBoost,Holdout,31.88075692313058
4A2000000060,16,XGBoost,Holdout,31.88075692313058
4A2000000060,17,XGBoost,Holdout,31.957520621163503
4A2000000060,18,XGBoost,Holdout,31.84237507411412
4A2000000060,19,XGBoost,Holdout,31.928268432617188
4A2000000060,20,XGBoost,Holdout,31.88075692313058
4A2000000060,21,XGBoost,Holdout,31.893550872802734
4A2000000060,21,XGBoost,Forecast,32.00549793243408
4A2000000060,22,XGBoost,Forecast,31.96665028163365
4A2000000060,23,XGBoost,Forecast,32.03428431919643
4A2000000060,24,XGBoost,Forecast,31.919138772147043
4A2000000060,25,XGBoost,Forecast,31.803993225097656
4A2000000060,8,LightGBM,Holdout,22.632382821909978
4A2000000060,9,LightGBM,Holdout,28.05932267371467
4A2000000060,10,LightGBM,Holdout,32.37314803556097
4A2000000060,11,LightGBM,Holdout,32.4195576976453
4A2000000060,12,LightGBM,Holdout,32.42203664475521
4A2000000060,13,LightGBM,Holdout,32.42203664475521
4A2000000060,14,LightGBM,Holdout,32.4195576976453
4A2000000060,15,LightGBM,Holdout,32.42203664475521
4A2000000060,16,LightGBM,Holdout,32.42203664475521
4A2000000060,17,LightGBM,Holdout,32.426994538975016
4A2000000060,18,LightGBM,Holdout,32.4195576976453
4A2000000060,19,LightGBM,Holdout,32.42451559186511
4A2000000060,20,LightGBM,Holdout,32.42203664475521
4A2000000060,21,LightGBM,Holdout,32.42286296045851
4A2000000060,21,LightGBM,Forecast,32.430093222862396
4A2000000060,22,LightGBM,Forecast,32.426994538975016
4A2000000060,23,LightGBM,Forecast,32.43195243319483
4A2000000060,24,LightGBM,Forecast,32.42451559186511
4A2000000060,25,LightGBM,Forecast,32.417078750535396
4A2000000060,8,CatBoost,Holdout,17.967997193263194
4A2000000060,9,CatBoost,Holdout,19.029886841559204
4A2000000060,10,CatBoost,Holdout,19.20034299638974
4A2000000060,11,CatBoost,Holdout,19.988175037294948
4A2000000060,12,CatBoost,Holdout,19.764061989968955
4A2000000060,13,CatBoost,Holdout,18.43382385739373
4A2000000060,14,CatBoost,Holdout,17.341252619183734
4A2000000060,15,CatBoost,Holdout,18.703784419313756
4A2000000060,16,CatBoost,Holdout,19.149992155649063
4A2000000060,17,CatBoost,Holdout,18.855112079549837
4A2000000060,18,CatBoost,Holdout,18.63499896109668
4A2000000060,19,CatBoost,Holdout,19.58266597753106
4A2000000060,20,CatBoost,Holdout,19.89026796887982
4A2000000060,21,CatBoost,Holdout,17.91881769510084
4A2000000060,21,CatBoost,Forecast,19.5782989724676
4A2000000060,22,CatBoost,Forecast,19.77816043031993
4A2000000060,23,CatBoost,Forecast,18.469798080955975
4A2000000060,24,CatBoost,Forecast,18.101033492770007
4A2000000060,25,CatBoost,Forecast,20.21750174414593
4A2000000060,8,Ensemble,Holdout,23.518234938136274
4A2000000060,9,Ensemble,Holdout,26.884311742037678
4A2000000060,10,Ensemble,Holdout,26.345589610808894
4A2000000060,11,Ensemble,Holdout,24.267241759595844
4A2000000060,12,Ensemble,Holdout,23.12484989446552
4A2000000060,13,Ensemble,Holdout,22.949240388665668
4A2000000060,14,Ensemble,Holdout,23.42558199844296
4A2000000060,15,Ensemble,Holdout,24.072448206649845
4A2000000060,16,Ensemble,Holdout,23.68416612306891
4A2000000060,17,Ensemble,Holdout,23.337071458975228
4A2000000060,18,Ensemble,Holdout,24.066688896343866
4A2000000060,19,Ensemble,Holdout,25.930072852084805
4A2000000060,20,Ensemble,Holdout,26.34084831533175
4A2000000060,21,Ensemble,Holdout,26.62512338748702
4A2000000060,21,Ensemble,Forecast,25.550729331869658
4A2000000060,22,Ensemble,Forecast,26.218467652949066
4A2000000060,23,Ensemble,Forecast,26.213251088734772
4A2000000060,24,Ensemble,Forecast,26.779371470877383
4A2000000060,25,Ensemble,Forecast,28.428872089432602
4B4822100001,8,Prophet,Holdout,5.661671542982956
4B4822100001,9,Prophet,Holdout,3.8917273598650524
4B4822100001,10,Prophet,Holdout,2.601917766580582
4B4822100001,11,Prophet,Holdout,2.336323440238314
4B4822100001,12,Prophet,Holdout,2.1870543423407947
4B4822100001,13,Prophet,Holdout,1.3761207798282966
4B4822100001,14,Prophet,Holdout,0.5005817913140532
4B4822100001,15,Prophet,Holdout,0.34884928974820334
4B4822100001,16,Prophet,Holdout,0.640942532162641
4B4822100001,17,Prophet,Holdout,0.7952985769075988
4B4822100001,18,Prophet,Holdout,0.35522917552536715
4B4822100001,19,Prophet,Holdout,0.0
4B4822100001,20,Prophet,Holdout,0.0
4B4822100001,21,Prophet,Holdout,0.0
4B4822100001,21,Prophet,Forecast,0.0
4B4822100001,22,Prophet,Forecast,0.0
4B4822100001,23,Prophet,Forecast,0.0
4B4822100001,24,Prophet,Forecast,0.0
4B4822100001,25,Prophet,Forecast,0.0
4B4822100001,8,XGBoost,Holdout,1.56110680103302
4B4822100001,9,XGBoost,Holdout,1.56110680103302
4B4822100001,10,XGBoost,Holdout,1.56110680103302
4B4822100001,11,XGBoost,Holdout,1.56110680103302
4B4822100001,12,XGBoost,Holdout,1.56110680103302
4B4822100001,13,XGBoost,Holdout,1.56110680103302
4B4822100001,14,XGBoost,Holdout,1.56110680103302
4B4822100001,15,XGBoost,Holdout,1.56110680103302
4B4822100001,16,XGBoost,Holdout,1.56110680103302
4B4822100001,17,XGBoost,Holdout,1.56110680103302
4B4822100001,18,XGBoost,Holdout,1.56110680103302
4B4822100001,19,XGBoost,Holdout,1.56110680103302
4B4822100001,20,XGBoost,Holdout,1.56110680103302
4B4822100001,21,XGBoost,Holdout,1.56110680103302
4B4822100001,21,XGBoost,Forecast,1.56110680103302
4B4822100001,22,XGBoost,Forecast,1.56110680103302
4B4822100001,23,XGBoost,Forecast,1.56110680103302
4B4822100001,24,XGBoost,Forecast,1.56110680103302
4B4822100001,25,XGBoost,Forecast,1.56110680103302
4B4822100001,8,LightGBM,Holdout,2.145540658546616
4B4822100001,9,LightGBM,Holdout,2.308140788019469
4B4822100001,10,LightGBM,Holdout,2.3419363322161835
4B4822100001,11,LightGBM,Holdout,2.3419363322161835
4B4822100001,12,LightGBM,Holdout,2.3419363322161835
4B4822100001,13,LightGBM,Holdout,2.3419363322161835
4B4822100001,14,LightGBM,Holdout,2.3419363322161835
4B4822100001,15,LightGBM,Holdout,2.3419363322161835
4B4822100001,16,LightGBM,Holdout,2.3419363322161835
4B4822100001,17,LightGBM,Holdout,2.330036898564461
4B4822100001,18,LightGBM,Holdout,2.3419363322161835
4B4822100001,19,LightGBM,Holdout,2.3419363322161835
4B4822100001,20,LightGBM,Holdout,2.3419363322161835
4B4822100001,21,LightGBM,Holdout,2.3419363322161835
4B4822100001,21,LightGBM,Forecast,2.258640296654124
4B4822100001,22,LightGBM,Forecast,2.258640296654124
4B4822100001,23,LightGBM,Forecast,2.258640296654124
4B4822100001,24,LightGBM,Forecast,2.258640296654124
4B4822100001,25,LightGBM,Forecast,2.258640296654124
4B4822100001,8,CatBoost,Holdout,1.7820086448940031
4B4822100001,9,CatBoost,Holdout,2.2457090404973696
4B4822100001,10,CatBoost,Holdout,2.3464633045209635
4B4822100001,11,CatBoost,Holdout,2.3464633045209635
4B4822100001,12,CatBoost,Holdout,2.3464633045209635
4B4822100001,13,CatBoost,Holdout,2.3464633045209635
4B4822100001,14,CatBoost,Holdout,2.3464633045209635
4B4822100001,15,CatBoost,Holdout,2.3464633045209635
4B4822100001,16,CatBoost,Holdout,2.3464633045209635
4B4822100001,17,CatBoost,Holdout,2.270702546771044
4B4822100001,18,CatBoost,Holdout,2.3464633045209635
4B4822100001,19,CatBoost,Holdout,2.3464633045209635
4B4822100001,20,CatBoost,Holdout,2.3464633045209635
4B4822100001,21,CatBoost,Holdout,2.3464633045209635
4B4822100001,21,CatBoost,Forecast,1.8161380002715273
4B4822100001,22,CatBoost,Forecast,1.7086759514370156
4B4822100001,23,CatBoost,Forecast,1.678018517193561
4B4822100001,24,CatBoost,Forecast,1.6739093887634444
4B4822100001,25,CatBoost,Forecast,1.6656911319032108
4B4822100001,8,Ensemble,Holdout,3.129742041983405
4B4822100001,9,Ensemble,Holdout,2.6371899680676685
4B4822100001,10,Ensemble,Holdout,2.21449795931951
4B4822100001,11,Ensemble,Holdout,2.1219524934045837
4B4822100001,12,Ensemble,Holdout,2.069940169188649
4B4822100001,13,Ensemble,Holdout,1.7873730473591838
4B4822100001,14,Ensemble,Holdout,1.4822943781924505
4B4822100001,15,Ensemble,Holdout,1.4294236891034335
4B4822100001,16,Ensemble,Holdout,1.5312026148136542
4B4822100001,17,Ensemble,Holdout,1.5670318878910316
4B4822100001,18,Ensemble,Holdout,1.4316467392335437
4B4822100001,19,Ensemble,Holdout,1.3078683061310044
4B4822100001,20,Ensemble,Holdout,1.3078683061310044
4B4822100001,21,Ensemble,Holdout,1.3078683061310044
4B4822100001,21,Ensemble,Forecast,1.1821792393521544
4B4822100001,22,Ensemble,Forecast,1.1593953916536837
4B4822100001,23,Ensemble,Forecast,1.1528954754488063
4B4822100001,24,Ensemble,Forecast,1.1520242678239694
4B4822100001,25,Ensemble,Forecast,1.1502818525742953
4R5216200001,8,Prophet,Holdout,1.405197336111776
4R5216200001,9,Prophet,Holdout,1.633445778396585
4R5216200001,10,Prophet,Holdout,1.7020535057870383
4R5216200001,11,Prophet,Holdout,1.356710621630171
4R5216200001,12,Prophet,Holdout,0.9443162699702633
4R5216200001,13,Prophet,Holdout,0.8230795050484293
4R5216200001,14,Prophet,Holdout,0.9997524481521657
4R5216200001,15,Prophet,Holdout,1.1913867170794894
4R5216200001,16,Prophet,Holdout,1.169904805711966
4R5216200001,17,Prophet,Holdout,0.9715064654151057
4R5216200001,18,Prophet,Holdout,0.7860477211511451
4R5216200001,19,Prophet,Holdout,0.7258931496478965
4R5216200001,20,Prophet,Holdout,0.7480905578158538
4R5216200001,21,Prophet,Holdout,0.6480962326761833
4R5216200001,21,Prophet,Forecast,1.1258800510013482
4R5216200001,22,Prophet,Forecast,1.0029049081162222
4R5216200001,23,Prophet,Forecast,0.955333753715131
4R5216200001,24,Prophet,Forecast,0.899454823143763
4R5216200001,25,Prophet,Forecast,0.820621002027257
4R5216200001,8,XGBoost,Holdout,1.247322678565979
4R5216200001,9,XGBoost,Holdout,1.247322678565979
4R5216200001,10,XGBoost,Holdout,1.247322678565979
4R5216200001,11,XGBoost,Holdout,1.247322678565979
4R5216200001,12,XGBoost,Holdout,1.247322678565979
4R5216200001,13,XGBoost,Holdout,1.247322678565979
4R5216200001,14,XGBoost,Holdout,1.247322678565979
4R5216200001,15,XGBoost,Holdout,1.247322678565979
4R5216200001,16,XGBoost,Holdout,1.247322678565979
4R5216200001,17,XGBoost,Holdout,1.247322678565979
4R5216200001,18,XGBoost,Holdout,1.247322678565979
4R5216200001,19,XGBoost,Holdout,1.247322678565979
4R5216200001,20,XGBoost,Holdout,1.247322678565979
4R5216200001,21,XGBoost,Holdout,1.247322678565979
4R5216200001,21,XGBoost,Forecast,1.1594717502593994
4R5216200001,22,XGBoost,Forecast,1.1594717502593994
4R5216200001,23,XGBoost,Forecast,1.1594717502593994
4R5216200001,24,XGBoost,Forecast,1.1617009128843034
4R5216200001,25,XGBoost,Forecast,1.1594717502593994
4R5216200001,8,LightGBM,Holdout,1.0604844037883523
4R5216200001,9,LightGBM,Holdout,1.0604844037883523
4R5216200001,10,LightGBM,Holdout,1.0604844037883523
4R5216200001,11,LightGBM,Holdout,1.0604844037883523
4R5216200001,12,LightGBM,Holdout,1.0604844037883523
4R5216200001,13,LightGBM,Holdout,1.0604844037883523
4R5216200001,14,LightGBM,Holdout,1.0604844037883523
4R5216200001,15,LightGBM,Holdout,1.0604844037883523
4R5216200001,16,LightGBM,Holdout,1.0604844037883523
4R5216200001,17,LightGBM,Holdout,1.0604844037883523
4R5216200001,18,LightGBM,Holdout,1.0604844037883523
4R5216200001,19,LightGBM,Holdout,1.0604844037883523
4R5216200001,20,LightGBM,Holdout,1.0604844037883523
4R5216200001,21,LightGBM,Holdout,1.0604844037883523
4R5216200001,21,LightGBM,Forecast,1.0304325647131847
4R5216200001,22,LightGBM,Forecast,1.0304325647131847
4R5216200001,23,LightGBM,Forecast,1.0200272354947926
4R5216200001,24,LightGBM,Forecast,1.02349567856759
4R5216200001,25,LightGBM,Forecast,1.0304325647131847
4R5216200001,8,CatBoost,Holdout,1.0845624684839492
4R5216200001,9,CatBoost,Holdout,1.0845624684839492
4R5216200001,10,CatBoost,Holdout,1.0845624684839492
4R5216200001,11,CatBoost,Holdout,1.0845624684839492
4R5216200001,12,CatBoost,Holdout,1.0845624684839492
4R5216200001,13,CatBoost,Holdout,1.0845624684839492
4R5216200001,14,CatBoost,Holdout,1.0845624684839492
4R5216200001,15,CatBoost,Holdout,1.0845624684839492
4R5216200001,16,CatBoost,Holdout,1.0845624684839492
4R5216200001,17,CatBoost,Holdout,1.0845624684839492
4R5216200001,18,CatBoost,Holdout,1.0845624684839492
4R5216200001,19,CatBoost,Holdout,1.0845624684839492
4R5216200001,20,CatBoost,Holdout,1.0845624684839492
4R5216200001,21,CatBoost,Holdout,1.0845624684839492
4R5216200001,21,CatBoost,Forecast,1.0204064611884767
4R5216200001,22,CatBoost,Forecast,1.0204064611884767
4R5216200001,23,CatBoost,Forecast,1.0328404014384838
4R5216200001,24,CatBoost,Forecast,1.028261533909128
4R5216200001,25,CatBoost,Forecast,1.0204064611884767
4R5216200001,8,Ensemble,Holdout,1.199391721737514
4R5216200001,9,Ensemble,Holdout,1.2564538323087164
4R5216200001,10,Ensemble,Holdout,1.2736057641563296
4R5216200001,11,Ensemble,Holdout,1.1872700431171128
4R5216200001,12,Ensemble,Holdout,1.0841714552021358
4R5216200001,13,Ensemble,Holdout,1.0538622639716775
4R5216200001,14,Ensemble,Holdout,1.0980304997476116
4R5216200001,15,Ensemble,Holdout,1.1459390669794425
4R5216200001,16,Ensemble,Holdout,1.1405685891375617
4R5216200001,17,Ensemble,Holdout,1.0909690040633466
4R5216200001,18,Ensemble,Holdout,1.0446043179973563
4R5216200001,19,Ensemble,Holdout,1.0295656751215443
4R5216200001,20,Ensemble,Holdout,1.0351150271635337
4R5216200001,21,Ensemble,Holdout,1.010116445878616
4R5216200001,21,Ensemble,Forecast,1.0840477067906025
4R5216200001,22,Ensemble,Forecast,1.0533039210693207
4R5216200001,23,Ensemble,Forecast,1.0419182852269517
4R5216200001,24,Ensemble,Forecast,1.0282282371261962
4R5216200001,25,Ensemble,Forecast,1.0077329445470795
ACDF20200003,8,Prophet,Holdout,0.40119012527580744
ACDF20200003,9,Prophet,Holdout,0.2257796808371528
ACDF20200003,10,Prophet,Holdout,0.17815768483813038
ACDF20200003,11,Prophet,Holdout,0.07380065411160455
ACDF20200003,12,Prophet,Holdout,0.0
ACDF20200003,13,Prophet,Holdout,0.0
ACDF20200003,14,Prophet,Holdout,0.0
ACDF20200003,15,Prophet,Holdout,0.20639284387165852
ACDF20200003,16,Prophet,Holdout,0.5006755292907942
ACDF20200003,17,Prophet,Holdout,0.3815923462009711
ACDF20200003,18,Prophet,Holdout,0.12768861915852117
ACDF20200003,19,Prophet,Holdout,0.0
ACDF20200003,20,Prophet,Holdout,0.0
ACDF20200003,21,Prophet,Holdout,0.0
ACDF20200003,21,Prophet,Forecast,0.022317089172361193
ACDF20200003,22,Prophet,Forecast,0.0
ACDF20200003,23,Prophet,Forecast,0.12264396159449246
ACDF20200003,24,Prophet,Forecast,0.0
ACDF20200003,25,Prophet,Forecast,0.0
ACDF20200003,8,XGBoost,Holdout,1.9374653995037079
ACDF20200003,9,XGBoost,Holdout,1.9499751329421997
ACDF20200003,10,XGBoost,Holdout,1.9499751329421997
ACDF20200003,11,XGBoost,Holdout,1.9499751329421997
ACDF20200003,12,XGBoost,Holdout,1.9499751329421997
ACDF20200003,13,XGBoost,Holdout,1.9499751329421997
ACDF20200003,14,XGBoost,Holdout,1.9499751329421997
ACDF20200003,15,XGBoost,Holdout,1.9499751329421997
ACDF20200003,16,XGBoost,Holdout,1.9499751329421997
ACDF20200003,17,XGBoost,Holdout,1.9499751329421997
ACDF20200003,18,XGBoost,Holdout,1.9499751329421997
ACDF20200003,19,XGBoost,Holdout,1.9499751329421997
ACDF20200003,20,XGBoost,Holdout,1.9499751329421997
ACDF20200003,21,XGBoost,Holdout,1.9499751329421997
ACDF20200003,21,XGBoost,Forecast,2.0201416015625
ACDF20200003,22,XGBoost,Forecast,2.139017105102539
ACDF20200003,23,XGBoost,Forecast,2.1645374298095703
ACDF20200003,24,XGBoost,Forecast,2.16263484954834
ACDF20200003,25,XGBoost,Forecast,2.158829689025879
ACDF20200003,8,LightGBM,Holdout,1.9074054653918036
ACDF20200003,9,LightGBM,Holdout,2.0832909586391235
ACDF20200003,10,LightGBM,Holdout,2.106670133419385
ACDF20200003,11,LightGBM,Holdout,2.106670133419385
ACDF20200003,12,LightGBM,Holdout,2.106670133419385
ACDF20200003,13,LightGBM,Holdout,2.106670133419385
ACDF20200003,14,LightGBM,Holdout,2.106670133419385
ACDF20200003,15,LightGBM,Holdout,2.106670133419385
ACDF20200003,16,LightGBM,Holdout,2.106670133419385
ACDF20200003,17,LightGBM,Holdout,2.106670133419385
ACDF20200003,18,LightGBM,Holdout,2.106670133419385
ACDF20200003,19,LightGBM,Holdout,2.106670133419385
ACDF20200003,20,LightGBM,Holdout,2.106670133419385
ACDF20200003,21,LightGBM,Holdout,2.106670133419385
ACDF20200003,21,LightGBM,Forecast,2.083057121750843
ACDF20200003,22,LightGBM,Forecast,2.083057121750843
ACDF20200003,23,LightGBM,Forecast,2.083057121750843
ACDF20200003,24,LightGBM,Forecast,2.083057121750843
ACDF20200003,25,LightGBM,Forecast,2.083057121750843
ACDF20200003,8,CatBoost,Holdout,2.5044270987927213
ACDF20200003,9,CatBoost,Holdout,2.5591396191310554
ACDF20200003,10,CatBoost,Holdout,2.56173839744851
ACDF20200003,11,CatBoost,Holdout,2.56173839744851
ACDF20200003,12,CatBoost,Holdout,2.56173839744851
ACDF20200003,13,CatBoost,Holdout,2.56173839744851
ACDF20200003,14,CatBoost,Holdout,2.56173839744851
ACDF20200003,15,CatBoost,Holdout,2.56173839744851
ACDF20200003,16,CatBoost,Holdout,2.56173839744851
ACDF20200003,17,CatBoost,Holdout,2.56173839744851
ACDF20200003,18,CatBoost,Holdout,2.56173839744851
ACDF20200003,19,CatBoost,Holdout,2.56173839744851
ACDF20200003,20,CatBoost,Holdout,2.56173839744851
ACDF20200003,21,CatBoost,Holdout,2.56173839744851
ACDF20200003,21,CatBoost,Forecast,2.174298653873201
ACDF20200003,22,CatBoost,Forecast,2.158404501142207
ACDF20200003,23,CatBoost,Forecast,2.2394578122377538
ACDF20200003,24,CatBoost,Forecast,2.211140652713844
ACDF20200003,25,CatBoost,Forecast,2.1545063336660246
ACDF20200003,8,Ensemble,Holdout,1.68762202224101
ACDF20200003,9,Ensemble,Holdout,1.7045463478873828
ACDF20200003,10,Ensemble,Holdout,1.6991353371620563
ACDF20200003,11,Ensemble,Holdout,1.6730460794804247
ACDF20200003,12,Ensemble,Holdout,1.6545959159525236
ACDF20200003,13,Ensemble,Holdout,1.6545959159525236
ACDF20200003,14,Ensemble,Holdout,1.6545959159525236
ACDF20200003,15,Ensemble,Holdout,1.7061941269204384
ACDF20200003,16,Ensemble,Holdout,1.7797647982752223
ACDF20200003,17,Ensemble,Holdout,1.7499940025027665
ACDF20200003,18,Ensemble,Holdout,1.686518070742154
ACDF20200003,19,Ensemble,Holdout,1.6545959159525236
ACDF20200003,20,Ensemble,Holdout,1.6545959159525236
ACDF20200003,21,Ensemble,Holdout,1.6545959159525239
ACDF20200003,21,Ensemble,Forecast,1.5749536165897262
ACDF20200003,22,Ensemble,Forecast,1.5951196819988969
ACDF20200003,23,Ensemble,Forecast,1.6524240813481648
ACDF20200003,24,Ensemble,Forecast,1.6142081560032564
ACDF20200003,25,Ensemble,Forecast,1.5990982861106862
ACDF51000005,8,Prophet,Holdout,0.0
ACDF51000005,9,Prophet,Holdout,0.0
ACDF51000005,10,Prophet,Holdout,0.0
ACDF51000005,11,Prophet,Holdout,0.0
ACDF51000005,12,Prophet,Holdout,0.0
ACDF51000005,13,Prophet,Holdout,0.0
ACDF51000005,14,Prophet,Holdout,0.0
ACDF51000005,15,Prophet,Holdout,0.0
ACDF51000005,16,Prophet,Holdout,0.0
ACDF51000005,17,Prophet,Holdout,0.0
ACDF51000005,18,Prophet,Holdout,0.0
ACDF51000005,19,Prophet,Holdout,0.0
ACDF51000005,20,Prophet,Holdout,0.0
ACDF51000005,21,Prophet,Holdout,0.0
ACDF51000005,21,Prophet,Forecast,0.0
ACDF51000005,22,Prophet,Forecast,0.0
ACDF51000005,23,Prophet,Forecast,0.0
ACDF51000005,24,Prophet,Forecast,0.0
ACDF51000005,25,Prophet,Forecast,0.0
ACDF51000005,8,XGBoost,Holdout,4.4744343757629395
ACDF51000005,9,XGBoost,Holdout,4.940958499908447
ACDF51000005,10,XGBoost,Holdout,4.940958499908447
ACDF51000005,11,XGBoost,Holdout,4.940958499908447
ACDF51000005,12,XGBoost,Holdout,4.940958499908447
ACDF51000005,13,XGBoost,Holdout,4.940958499908447
ACDF51000005,14,XGBoost,Holdout,4.940958499908447
ACDF51000005,15,XGBoost,Holdout,4.940958499908447
ACDF51000005,16,XGBoost,Holdout,4.940958499908447
ACDF51000005,17,XGBoost,Holdout,4.940958499908447
ACDF51000005,18,XGBoost,Holdout,4.940958499908447
ACDF51000005,19,XGBoost,Holdout,4.940958499908447
ACDF51000005,20,XGBoost,Holdout,4.940958499908447
ACDF51000005,21,XGBoost,Holdout,4.940958499908447
ACDF51000005,21,XGBoost,Forecast,8.691689372062683
ACDF51000005,22,XGBoost,Forecast,9.437883377075195
ACDF51000005,23,XGBoost,Forecast,11.409401757376534
ACDF51000005,24,XGBoost,Forecast,12.082670348031181
ACDF51000005,25,XGBoost,Forecast,11.246289253234863
ACDF51000005,8,LightGBM,Holdout,2.9625144213435908
ACDF51000005,9,LightGBM,Holdout,2.9625144213435908
ACDF51000005,10,LightGBM,Holdout,2.9625144213435908
ACDF51000005,11,LightGBM,Holdout,2.9625144213435908
ACDF51000005,12,LightGBM,Holdout,2.9625144213435908
ACDF51000005,13,LightGBM,Holdout,2.9625144213435908
ACDF51000005,14,LightGBM,Holdout,2.9625144213435908
ACDF51000005,15,LightGBM,Holdout,2.9625144213435908
ACDF51000005,16,LightGBM,Holdout,2.9625144213435908
ACDF51000005,17,LightGBM,Holdout,2.9625144213435908
ACDF51000005,18,LightGBM,Holdout,2.9625144213435908
ACDF51000005,19,LightGBM,Holdout,2.9625144213435908
ACDF51000005,20,LightGBM,Holdout,2.9625144213435908
ACDF51000005,21,LightGBM,Holdout,2.9625144213435903
ACDF51000005,21,LightGBM,Forecast,10.272515775097503
ACDF51000005,22,LightGBM,Forecast,15.790442557745532
ACDF51000005,23,LightGBM,Forecast,17.032833102003785
ACDF51000005,24,LightGBM,Forecast,16.982301261974364
ACDF51000005,25,LightGBM,Forecast,16.982301261974364
ACDF51000005,8,CatBoost,Holdout,3.914966681609103
ACDF51000005,9,CatBoost,Holdout,4.5171158953521715
ACDF51000005,10,CatBoost,Holdout,4.337964802008647
ACDF51000005,11,CatBoost,Holdout,4.37579222753641
ACDF51000005,12,CatBoost,Holdout,4.37579222753641
ACDF51000005,13,CatBoost,Holdout,4.37579222753641
ACDF51000005,14,CatBoost,Holdout,4.37579222753641
ACDF51000005,15,CatBoost,Holdout,4.37579222753641
ACDF51000005,16,CatBoost,Holdout,4.37579222753641
ACDF51000005,17,CatBoost,Holdout,4.37579222753641
ACDF51000005,18,CatBoost,Holdout,4.37579222753641
ACDF51000005,19,CatBoost,Holdout,4.37579222753641
ACDF51000005,20,CatBoost,Holdout,4.37579222753641
ACDF51000005,21,CatBoost,Holdout,4.37579222753641
ACDF51000005,21,CatBoost,Forecast,8.945339038117986
ACDF51000005,22,CatBoost,Forecast,8.960911168999703
ACDF51000005,23,CatBoost,Forecast,10.522735788002604
ACDF51000005,24,CatBoost,Forecast,12.232941984771395
ACDF51000005,25,CatBoost,Forecast,9.843000215440073
ACDF51000005,8,Ensemble,Holdout,2.8379788696789086
ACDF51000005,9,Ensemble,Holdout,3.1051472041510526
ACDF51000005,10,Ensemble,Holdout,3.0603594308151716
ACDF51000005,11,Ensemble,Holdout,3.0698162871971113
ACDF51000005,12,Ensemble,Holdout,3.0698162871971113
ACDF51000005,13,Ensemble,Holdout,3.0698162871971113
ACDF51000005,14,Ensemble,Holdout,3.0698162871971113
ACDF51000005,15,Ensemble,Holdout,3.0698162871971113
ACDF51000005,16,Ensemble,Holdout,3.0698162871971113
ACDF51000005,17,Ensemble,Holdout,3.0698162871971113
ACDF51000005,18,Ensemble,Holdout,3.0698162871971113
ACDF51000005,19,Ensemble,Holdout,3.0698162871971113
ACDF51000005,20,Ensemble,Holdout,3.0698162871971113
ACDF51000005,21,Ensemble,Holdout,3.0698162871971117
ACDF51000005,21,Ensemble,Forecast,6.977386046319543
ACDF51000005,22,Ensemble,Forecast,8.547309275955106
ACDF51000005,23,Ensemble,Forecast,9.74124266184573
ACDF51000005,24,Ensemble,Forecast,10.324478398694236
ACDF51000005,25,Ensemble,Forecast,9.517897682662324
BBDF20200005,8,Prophet,Holdout,13.441379555005177
BBDF20200005,9,Prophet,Holdout,18.536152667598394
BBDF20200005,10,Prophet,Holdout,18.577529763353755
BBDF20200005,11,Prophet,Holdout,10.199705467052565
BBDF20200005,12,Prophet,Holdout,1.2964922434580306
BBDF20200005,13,Prophet,Holdout,0.45617551617026203
BBDF20200005,14,Prophet,Holdout,1.0853299305641582
BBDF20200005,15,Prophet,Holdout,1.3670487299031515
BBDF20200005,16,Prophet,Holdout,0.6201047285271291
BBDF20200005,17,Prophet,Holdout,0.25071204252384904
BBDF20200005,18,Prophet,Holdout,0.4456138997514952
BBDF20200005,19,Prophet,Holdout,1.6088229603804527
BBDF20200005,20,Prophet,Holdout,3.370634112304271
BBDF20200005,21,Prophet,Holdout,1.6989856799175451
BBDF20200005,21,Prophet,Forecast,2.7853222003555
BBDF20200005,22,Prophet,Forecast,0.5112560418460047
BBDF20200005,23,Prophet,Forecast,0.30857163016809147
BBDF20200005,24,Prophet,Forecast,0.7589570016210122
BBDF20200005,25,Prophet,Forecast,1.2674513870625466
BBDF20200005,8,XGBoost,Holdout,3.8599998354911804
BBDF20200005,9,XGBoost,Holdout,4.70601395198277
BBDF20200005,10,XGBoost,Holdout,5.066121578216553
BBDF20200005,11,XGBoost,Holdout,5.066121578216553
BBDF20200005,12,XGBoost,Holdout,5.066121578216553
BBDF20200005,13,XGBoost,Holdout,5.066121578216553
BBDF20200005,14,XGBoost,Holdout,5.066121578216553
BBDF20200005,15,XGBoost,Holdout,5.066121578216553
BBDF20200005,16,XGBoost,Holdout,5.066121578216553
BBDF20200005,17,XGBoost,Holdout,5.066121578216553
BBDF20200005,18,XGBoost,Holdout,5.066121578216553
BBDF20200005,19,XGBoost,Holdout,5.066121578216553
BBDF20200005,20,XGBoost,Holdout,5.066121578216553
BBDF20200005,21,XGBoost,Holdout,5.066121578216553
BBDF20200005,21,XGBoost,Forecast,5.066121578216553
BBDF20200005,22,XGBoost,Forecast,5.066121578216553
BBDF20200005,23,XGBoost,Forecast,5.066121578216553
BBDF20200005,24,XGBoost,Forecast,5.066121578216553
BBDF20200005,25,XGBoost,Forecast,5.066121578216553
BBDF20200005,8,LightGBM,Holdout,1.1180764364197846
BBDF20200005,9,LightGBM,Holdout,1.1180764364197846
BBDF20200005,10,LightGBM,Holdout,1.1180764364197846
BBDF20200005,11,LightGBM,Holdout,1.1180764364197846
BBDF20200005,12,LightGBM,Holdout,1.1180764364197846
BBDF20200005,13,LightGBM,Holdout,1.1180764364197846
BBDF20200005,14,LightGBM,Holdout,1.1180764364197846
BBDF20200005,15,LightGBM,Holdout,1.1180764364197846
BBDF20200005,16,LightGBM,Holdout,1.1180764364197846
BBDF20200005,17,LightGBM,Holdout,1.1180764364197846
BBDF20200005,18,LightGBM,Holdout,1.1180764364197846
BBDF20200005,19,LightGBM,Holdout,1.1180764364197846
BBDF20200005,20,LightGBM,Holdout,1.1180764364197846
BBDF20200005,21,LightGBM,Holdout,1.1180764364197846
BBDF20200005,21,LightGBM,Forecast,1.1180764364197846
BBDF20200005,22,LightGBM,Forecast,1.1180764364197846
BBDF20200005,23,LightGBM,Forecast,1.1180764364197846
BBDF20200005,24,LightGBM,Forecast,1.1180764364197846
BBDF20200005,25,LightGBM,Forecast,1.1180764364197846
BBDF20200005,8,CatBoost,Holdout,1.2544757498461108
BBDF20200005,9,CatBoost,Holdout,1.2544757498461105
BBDF20200005,10,CatBoost,Holdout,1.2544757498461105
BBDF20200005,11,CatBoost,Holdout,1.2544757498461105
BBDF20200005,12,CatBoost,Holdout,1.2544757498461105
BBDF20200005,13,CatBoost,Holdout,1.2544757498461105
BBDF20200005,14,CatBoost,Holdout,1.2544757498461105
BBDF20200005,15,CatBoost,Holdout,1.2544757498461105
BBDF20200005,16,CatBoost,Holdout,1.2544757498461105
BBDF20200005,17,CatBoost,Holdout,1.2544757498461105
BBDF20200005,18,CatBoost,Holdout,1.2544757498461105
BBDF20200005,19,CatBoost,Holdout,1.2544757498461105
BBDF20200005,20,CatBoost,Holdout,1.2544757498461105
BBDF20200005,21,CatBoost,Holdout,1.2544757498461108
BBDF20200005,21,CatBoost,Forecast,1.2544757498461108
BBDF20200005,22,CatBoost,Forecast,1.2544757498461105
BBDF20200005,23,CatBoost,Forecast,1.6987832932887734
BBDF20200005,24,CatBoost,Forecast,1.6356091077212394
BBDF20200005,25,CatBoost,Forecast,1.4577978217997274
BBDF20200005,8,Ensemble,Holdout,4.918482894190563
BBDF20200005,9,Ensemble,Holdout,6.403679701461765
BBDF20200005,10,Ensemble,Holdout,6.504050881959051
BBDF20200005,11,Ensemble,Holdout,4.409594807883754
BBDF20200005,12,Ensemble,Holdout,2.1837915019851195
BBDF20200005,13,Ensemble,Holdout,1.9737123201631774
BBDF20200005,14,Ensemble,Holdout,2.1310009237616514
BBDF20200005,15,Ensemble,Holdout,2.2014306235964
BBDF20200005,16,Ensemble,Holdout,2.014694623252394
BBDF20200005,17,Ensemble,Holdout,1.9223464517515743
BBDF20200005,18,Ensemble,Holdout,1.9710719160584858
BBDF20200005,19,Ensemble,Holdout,2.261874181215725
BBDF20200005,20,Ensemble,Holdout,2.70232696919668
BBDF20200005,21,Ensemble,Holdout,2.2844148610999984
BBDF20200005,21,Ensemble,Forecast,2.5559989912094867
BBDF20200005,22,Ensemble,Forecast,1.9874824515821132
BBDF20200005,23,Ensemble,Forecast,2.0478882345233003
BBDF20200005,24,Ensemble,Forecast,2.144691030994647
BBDF20200005,25,Ensemble,Forecast,2.227361805874653
ET4820200025,8,Prophet,Holdout,44.873414441043366
ET4820200025,9,Prophet,Holdout,61.620283589769215
ET4820200025,10,Prophet,Holdout,107.02300246011643
ET4820200025,11,Prophet,Holdout,173.48806526035452
ET4820200025,12,Prophet,Holdout,200.84914708094612
ET4820200025,13,Prophet,Holdout,168.31957521536023
ET4820200025,14,Prophet,Holdout,119.1143834045054
ET4820200025,15,Prophet,Holdout,112.65955857788764
ET4820200025,16,Prophet,Holdout,158.3608454111915
ET4820200025,17,Prophet,Holdout,206.96812678094219
ET4820200025,18,Prophet,Holdout,208.27934045769913
ET4820200025,19,Prophet,Holdout,167.0417184451887
ET4820200025,20,Prophet,Holdout,133.24425197148813
ET4820200025,21,Prophet,Holdout,159.8087835096981
ET4820200025,21,Prophet,Forecast,79.09850634372349
ET4820200025,22,Prophet,Forecast,122.54968097157192
ET4820200025,23,Prophet,Forecast,89.47762132868833
ET4820200025,24,Prophet,Forecast,60.71104249305443
ET4820200025,25,Prophet,Forecast,50.94725938028768
ET4820200025,8,XGBoost,Holdout,67.28155136108398
ET4820200025,9,XGBoost,Holdout,63.086656842912944
ET4820200025,10,XGBoost,Holdout,69.48928887503487
ET4820200025,11,XGBoost,Holdout,75.28015463692802
ET4820200025,12,XGBoost,Holdout,77.82406616210938
ET4820200025,13,XGBoost,Holdout,75.20505850655692
ET4820200025,14,XGBoost,Holdout,55.94126183646066
ET4820200025,15,XGBoost,Holdout,63.359408787318635
ET4820200025,16,XGBoost,Holdout,67.30696214948382
ET4820200025,17,XGBoost,Holdout,58.411222730364116
ET4820200025,18,XGBoost,Holdout,63.33931187220982
ET4820200025,19,XGBoost,Holdout,68.25211007254464
ET4820200025,20,XGBoost,Holdout,73.62752532958984
ET4820200025,21,XGBoost,Holdout,75.26853307088216
ET4820200025,21,XGBoost,Forecast,66.66563415527344
ET4820200025,22,XGBoost,Forecast,76.59581429617745
ET4820200025,23,XGBoost,Forecast,67.13016891479492
ET4820200025,24,XGBoost,Forecast,59.09807750156948
ET4820200025,25,XGBoost,Forecast,74.93858973185222
ET4820200025,8,LightGBM,Holdout,70.13777962770475
ET4820200025,9,LightGBM,Holdout,65.58394051706539
ET4820200025,10,LightGBM,Holdout,68.64843520553875
ET4820200025,11,LightGBM,Holdout,73.80606043988409
ET4820200025,12,LightGBM,Holdout,77.13025614659259
ET4820200025,13,LightGBM,Holdout,78.27847958441824
ET4820200025,14,LightGBM,Holdout,70.220036739587
ET4820200025,15,LightGBM,Holdout,67.89926235049825
ET4820200025,16,LightGBM,Holdout,69.87459645010145
ET4820200025,17,LightGBM,Holdout,61.55947432041953
ET4820200025,18,LightGBM,Holdout,65.97524966925285
ET4820200025,19,LightGBM,Holdout,67.02211092600353
ET4820200025,20,LightGBM,Holdout,66.65888597979466
ET4820200025,21,LightGBM,Holdout,67.458823775965
ET4820200025,21,LightGBM,Forecast,67.22026328799845
ET4820200025,22,LightGBM,Forecast,73.774000338561
ET4820200025,23,LightGBM,Forecast,74.0095688551605
ET4820200025,24,LightGBM,Forecast,76.50177016321561
ET4820200025,25,LightGBM,Forecast,79.49632310896722
ET4820200025,8,CatBoost,Holdout,59.73629891953054
ET4820200025,9,CatBoost,Holdout,51.06138729066401
ET4820200025,10,CatBoost,Holdout,53.280724862319815
ET4820200025,11,CatBoost,Holdout,60.25618733504318
ET4820200025,12,CatBoost,Holdout,57.236796357115445
ET4820200025,13,CatBoost,Holdout,49.377932230455166
ET4820200025,14,CatBoost,Holdout,34.19272184423565
ET4820200025,15,CatBoost,Holdout,43.8360428591037
ET4820200025,16,CatBoost,Holdout,48.271081030918836
ET4820200025,17,CatBoost,Holdout,37.09623490212083
ET4820200025,18,CatBoost,Holdout,44.70389290855513
ET4820200025,19,CatBoost,Holdout,47.412436781325724
ET4820200025,20,CatBoost,Holdout,48.664594365324824
ET4820200025,21,CatBoost,Holdout,50.65786210595116
ET4820200025,21,CatBoost,Forecast,38.731717168402625
ET4820200025,22,CatBoost,Forecast,56.03502165675526
ET4820200025,23,CatBoost,Forecast,45.3453730032378
ET4820200025,24,CatBoost,Forecast,36.99870094297795
ET4820200025,25,CatBoost,Forecast,55.45582350156747
ET4820200025,8,Ensemble,Holdout,60.83535485042451
ET4820200025,9,Ensemble,Holdout,60.21713020843568
ET4820200025,10,Ensemble,Holdout,73.70667308025314
ET4820200025,11,Ensemble,Holdout,93.674153169829
ET4820200025,12,Ensemble,Holdout,100.69000974028147
ET4820200025,13,Ensemble,Holdout,90.72175406834425
ET4820200025,14,Ensemble,Holdout,68.3951101571882
ET4820200025,15,Ensemble,Holdout,70.76650302342519
ET4820200025,16,Ensemble,Holdout,84.00163136986203
ET4820200025,17,Ensemble,Holdout,87.94371559063379
ET4820200025,18,Ensemble,Holdout,92.61070906875285
ET4820200025,19,Ensemble,Holdout,85.3168922521618
ET4820200025,20,Ensemble,Holdout,79.12938670263175
ET4820200025,21,Ensemble,Holdout,86.41402787574702
ET4820200025,21,Ensemble,Forecast,62.35526174853788
ET4820200025,22,Ensemble,Forecast,81.12559087631
ET4820200025,23,Ensemble,Forecast,68.29709196535298
ET4820200025,24,Ensemble,Forecast,58.00913960216325
ET4820200025,25,Ensemble,Forecast,65.42083799889706
P0020,8,Prophet,Holdout,7.089345105055129
P0020,9,Prophet,Holdout,5.655861439947794
P0020,10,Prophet,Holdout,6.058245467411806
P0020,11,Prophet,Holdout,6.252804765177509
P0020,12,Prophet,Holdout,4.858605555057354
P0020,13,Prophet,Holdout,2.6231060854441166
P0020,14,Prophet,Holdout,1.8254622412142116
P0020,15,Prophet,Holdout,3.1424546974953373
P0020,16,Prophet,Holdout,4.115845398918284
P0020,17,Prophet,Holdout,1.6748184800371886
P0020,18,Prophet,Holdout,0.0
P0020,19,Prophet,Holdout,0.0
P0020,20,Prophet,Holdout,0.0
P0020,21,Prophet,Holdout,0.0
P0020,21,Prophet,Forecast,0.0
P0020,22,Prophet,Forecast,0.0
P0020,23,Prophet,Forecast,0.0
P0020,24,Prophet,Forecast,0.0
P0020,25,Prophet,Forecast,0.0
P0020,8,XGBoost,Holdout,1.717674970626831
P0020,9,XGBoost,Holdout,1.8387937375477381
P0020,10,XGBoost,Holdout,1.887241244316101
P0020,11,XGBoost,Holdout,1.887241244316101
P0020,12,XGBoost,Holdout,1.887241244316101
P0020,13,XGBoost,Holdout,1.887241244316101
P0020,14,XGBoost,Holdout,1.887241244316101
P0020,15,XGBoost,Holdout,1.887241244316101
P0020,16,XGBoost,Holdout,1.887241244316101
P0020,17,XGBoost,Holdout,1.887241244316101
P0020,18,XGBoost,Holdout,1.887241244316101
P0020,19,XGBoost,Holdout,1.887241244316101
P0020,20,XGBoost,Holdout,1.887241244316101
P0020,21,XGBoost,Holdout,1.887241244316101
P0020,21,XGBoost,Forecast,1.887241244316101
P0020,22,XGBoost,Forecast,1.887241244316101
P0020,23,XGBoost,Forecast,2.0341762815202986
P0020,24,XGBoost,Forecast,2.5400543553488597
P0020,25,XGBoost,Forecast,2.341128349304199
P0020,8,LightGBM,Holdout,1.1284910295930592
P0020,9,LightGBM,Holdout,1.1284910295930592
P0020,10,LightGBM,Holdout,1.1284910295930592
P0020,11,LightGBM,Holdout,1.1284910295930592
P0020,12,LightGBM,Holdout,1.1284910295930592
P0020,13,LightGBM,Holdout,1.1284910295930592
P0020,14,LightGBM,Holdout,1.1284910295930592
P0020,15,LightGBM,Holdout,1.1284910295930592
P0020,16,LightGBM,Holdout,1.1284910295930592
P0020,17,LightGBM,Holdout,1.1284910295930592
P0020,18,LightGBM,Holdout,1.1284910295930592
P0020,19,LightGBM,Holdout,1.1284910295930592
P0020,20,LightGBM,Holdout,1.1284910295930592
P0020,21,LightGBM,Holdout,1.1284910295930592
P0020,21,LightGBM,Forecast,2.7715346974895776
P0020,22,LightGBM,Forecast,4.6071594991568245
P0020,23,LightGBM,Forecast,5.489175876367624
P0020,24,LightGBM,Forecast,5.341579501076747
P0020,25,LightGBM,Forecast,5.20329619406985
P0020,8,CatBoost,Holdout,1.9414126247790844
P0020,9,CatBoost,Holdout,2.133369291987216
P0020,10,CatBoost,Holdout,2.133369291987216
P0020,11,CatBoost,Holdout,2.133369291987216
P0020,12,CatBoost,Holdout,2.133369291987216
P0020,13,CatBoost,Holdout,2.133369291987216
P0020,14,CatBoost,Holdout,2.133369291987216
P0020,15,CatBoost,Holdout,2.133369291987216
P0020,16,CatBoost,Holdout,2.133369291987216
P0020,17,CatBoost,Holdout,2.133369291987216
P0020,18,CatBoost,Holdout,2.133369291987216
P0020,19,CatBoost,Holdout,2.133369291987216
P0020,20,CatBoost,Holdout,2.133369291987216
P0020,21,CatBoost,Holdout,2.133369291987216
P0020,21,CatBoost,Forecast,2.1313129755329054
P0020,22,CatBoost,Forecast,2.1162082664520616
P0020,23,CatBoost,Forecast,2.2748017990498868
P0020,24,CatBoost,Forecast,2.215490670205519
P0020,25,CatBoost,Forecast,2.0546847746080537
P0020,8,Ensemble,Holdout,2.9692309325135255
P0020,9,Ensemble,Holdout,2.6891288747689517
P0020,10,Ensemble,Holdout,2.8018367583270454
P0020,11,Ensemble,Holdout,2.8504765827684713
P0020,12,Ensemble,Holdout,2.501926780238432
P0020,13,Ensemble,Holdout,1.9430519128351231
P0020,14,Ensemble,Holdout,1.7436409517776472
P0020,15,Ensemble,Holdout,2.0728890658479284
P0020,16,Ensemble,Holdout,2.316236741203665
P0020,17,Ensemble,Holdout,1.705980011483391
P0020,18,Ensemble,Holdout,1.287275391474094
P0020,19,Ensemble,Holdout,1.287275391474094
P0020,20,Ensemble,Holdout,1.287275391474094
P0020,21,Ensemble,Holdout,1.287275391474094
P0020,21,Ensemble,Forecast,1.697522229334646
P0020,22,Ensemble,Forecast,2.152652252481247
P0020,23,Ensemble,Forecast,2.4495384892344525
P0020,24,Ensemble,Forecast,2.5242811316577813
P0020,25,Ensemble,Forecast,2.399777329495526
CCK012410009,8,Prophet,Holdout,1.0786324717439317
CCK012410009,9,Prophet,Holdout,1.094888706912713
CCK012410009,10,Prophet,Holdout,0.8886359029064448
CCK012410009,11,Prophet,Holdout,0.5854831971358371
CCK012410009,12,Prophet,Holdout,0.6282649760042963
CCK012410009,13,Prophet,Holdout,1.2037028124536613
CCK012410009,14,Prophet,Holdout,1.9346384913696235
CCK012410009,15,Prophet,Holdout,2.2331493736286303
CCK012410009,16,Prophet,Holdout,1.9168157998793751
CCK012410009,17,Prophet,Holdout,1.3632566796331034
CCK012410009,18,Prophet,Holdout,1.055493025262241
CCK012410009,19,Prophet,Holdout,1.0450752134199826
CCK012410009,20,Prophet,Holdout,0.9550261254404114
CCK012410009,21,Prophet,Holdout,0.5810987144854878
CCK012410009,21,Prophet,Forecast,1.502316597701329
CCK012410009,22,Prophet,Forecast,0.9784133132073191
CCK012410009,23,Prophet,Forecast,0.683447406617092
CCK012410009,24,Prophet,Forecast,0.9302282300536387
CCK012410009,25,Prophet,Forecast,1.3944531180509483
CCK012410009,8,XGBoost,Holdout,1.4037867784500122
CCK012410009,9,XGBoost,Holdout,1.4735554967607771
CCK012410009,10,XGBoost,Holdout,1.5384594202041626
CCK012410009,11,XGBoost,Holdout,1.5384594202041626
CCK012410009,12,XGBoost,Holdout,1.539262294769287
CCK012410009,13,XGBoost,Holdout,1.5384594202041626
CCK012410009,14,XGBoost,Holdout,1.5384594202041626
CCK012410009,15,XGBoost,Holdout,1.5384594202041626
CCK012410009,16,XGBoost,Holdout,1.539262294769287
CCK012410009,17,XGBoost,Holdout,1.5384594202041626
CCK012410009,18,XGBoost,Holdout,1.5384594202041626
CCK012410009,19,XGBoost,Holdout,1.5384594202041626
CCK012410009,20,XGBoost,Holdout,1.5400651693344116
CCK012410009,21,XGBoost,Holdout,1.5384594202041626
CCK012410009,21,XGBoost,Forecast,1.5440795421600342
CCK012410009,22,XGBoost,Forecast,1.5440795421600342
CCK012410009,23,XGBoost,Forecast,1.5432766675949097
CCK012410009,24,XGBoost,Forecast,1.5432766675949097
CCK012410009,25,XGBoost,Forecast,1.5440795421600342
CCK012410009,8,LightGBM,Holdout,1.329064703170176
CCK012410009,9,LightGBM,Holdout,1.317162378540161
CCK012410009,10,LightGBM,Holdout,1.318011231365997
CCK012410009,11,LightGBM,Holdout,1.3290647031701763
CCK012410009,12,LightGBM,Holdout,1.3169536358641543
CCK012410009,13,LightGBM,Holdout,1.3290647031701763
CCK012410009,14,LightGBM,Holdout,1.3290647031701763
CCK012410009,15,LightGBM,Holdout,1.3290647031701763
CCK012410009,16,LightGBM,Holdout,1.3169536358641543
CCK012410009,17,LightGBM,Holdout,1.3290647031701763
CCK012410009,18,LightGBM,Holdout,1.3290647031701763
CCK012410009,19,LightGBM,Holdout,1.3290647031701763
CCK012410009,20,LightGBM,Holdout,1.3048425685581324
CCK012410009,21,LightGBM,Holdout,1.329064703170176
CCK012410009,21,LightGBM,Forecast,1.3468621913528083
CCK012410009,22,LightGBM,Forecast,1.3020645306392187
CCK012410009,23,LightGBM,Forecast,1.317954407920013
CCK012410009,24,LightGBM,Forecast,1.3514512831355259
CCK012410009,25,LightGBM,Forecast,1.4347243369898501
CCK012410009,8,CatBoost,Holdout,1.4374751798904342
CCK012410009,9,CatBoost,Holdout,1.4329311801684559
CCK012410009,10,CatBoost,Holdout,1.4093718110744553
CCK012410009,11,CatBoost,Holdout,1.4187958220772512
CCK012410009,12,CatBoost,Holdout,1.4204407271157016
CCK012410009,13,CatBoost,Holdout,1.4187958220772512
CCK012410009,14,CatBoost,Holdout,1.4187958220772512
CCK012410009,15,CatBoost,Holdout,1.4187958220772512
CCK012410009,16,CatBoost,Holdout,1.4204407271157016
CCK012410009,17,CatBoost,Holdout,1.4187958220772512
CCK012410009,18,CatBoost,Holdout,1.4187958220772512
CCK012410009,19,CatBoost,Holdout,1.4187958220772512
CCK012410009,20,CatBoost,Holdout,1.422085632154152
CCK012410009,21,CatBoost,Holdout,1.418795822077251
CCK012410009,21,CatBoost,Forecast,1.426971889016607
CCK012410009,22,CatBoost,Forecast,1.4345855227759983
CCK012410009,23,CatBoost,Forecast,1.465248879814474
CCK012410009,24,CatBoost,Forecast,1.461955380238076
CCK012410009,25,CatBoost,Forecast,1.4277322258444924
CCK012410009,8,Ensemble,Holdout,1.3300664888750804
CCK012410009,9,Ensemble,Holdout,1.3437981123249476
CCK012410009,10,Ensemble,Holdout,1.317031653066967
CCK012410009,11,Ensemble,Holdout,1.2702054636746392
CCK012410009,12,Ensemble,Holdout,1.2741612378296734
CCK012410009,13,Ensemble,Holdout,1.3782550325374587
CCK012410009,14,Ensemble,Holdout,1.5060045943703038
CCK012410009,15,Ensemble,Holdout,1.5581769475758291
CCK012410009,16,Ensemble,Holdout,1.4993681991228005
CCK012410009,17,Ensemble,Holdout,1.406141120477699
CCK012410009,18,Ensemble,Holdout,1.3523516105002098
CCK012410009,19,Ensemble,Holdout,1.3505308334653834
CCK012410009,20,Ensemble,Holdout,1.3277496146966024
CCK012410009,21,Ensemble,Holdout,1.2694391640485538
CCK012410009,21,Ensemble,Forecast,1.4398792826691453
CCK012410009,22,Ensemble,Forecast,1.334991619002588
CCK012410009,23,Ensemble,Forecast,1.2964517467435417
CCK012410009,24,Ensemble,Forecast,1.350153860753432
CCK012410009,25,Ensemble,Forecast,1.451141726196686
ET0824100209,8,Prophet,Holdout,30.058719379605584
ET0824100209,9,Prophet,Holdout,26.58759778691902
ET0824100209,10,Prophet,Holdout,24.962801660475353
ET0824100209,11,Prophet,Holdout,34.514298445274214
ET0824100209,12,Prophet,Holdout,41.67492906516823
ET0824100209,13,Prophet,Holdout,33.42431669119544
ET0824100209,14,Prophet,Holdout,13.81730986630548
ET0824100209,15,Prophet,Holdout,1.105856400355897
ET0824100209,16,Prophet,Holdout,0.0
ET0824100209,17,Prophet,Holdout,0.0
ET0824100209,18,Prophet,Holdout,0.0
ET0824100209,19,Prophet,Holdout,0.0
ET0824100209,20,Prophet,Holdout,0.0
ET0824100209,21,Prophet,Holdout,0.0
ET0824100209,21,Prophet,Forecast,0.0
ET0824100209,22,Prophet,Forecast,0.0
ET0824100209,23,Prophet,Forecast,0.0
ET0824100209,24,Prophet,Forecast,0.0
ET0824100209,25,Prophet,Forecast,0.0
ET0824100209,8,XGBoost,Holdout,24.12843942642212
ET0824100209,9,XGBoost,Holdout,20.720114299229213
ET0824100209,10,XGBoost,Holdout,19.679331370762416
ET0824100209,11,XGBoost,Holdout,19.08436529976981
ET0824100209,12,XGBoost,Holdout,19.685695920671737
ET0824100209,13,XGBoost,Holdout,17.38355473109654
ET0824100209,14,XGBoost,Holdout,12.883498123713903
ET0824100209,15,XGBoost,Holdout,15.296553203037806
ET0824100209,16,XGBoost,Holdout,14.911723000662667
ET0824100209,17,XGBoost,Holdout,11.296765327453613
ET0824100209,18,XGBoost,Holdout,11.947919981820244
ET0824100209,19,XGBoost,Holdout,13.698880195617676
ET0824100209,20,XGBoost,Holdout,15.574345861162458
ET0824100209,21,XGBoost,Holdout,15.113466580708822
ET0824100209,21,XGBoost,Forecast,16.153707027435303
ET0824100209,22,XGBoost,Forecast,15.512759753635951
ET0824100209,23,XGBoost,Forecast,14.591157776968819
ET0824100209,24,XGBoost,Forecast,12.754765510559082
ET0824100209,25,XGBoost,Forecast,15.554631233215332
ET0824100209,8,LightGBM,Holdout,24.422013409831635
ET0824100209,9,LightGBM,Holdout,20.40264349242932
ET0824100209,10,LightGBM,Holdout,15.58829573688132
ET0824100209,11,LightGBM,Holdout,11.755113804882194
ET0824100209,12,LightGBM,Holdout,11.928510646312185
ET0824100209,13,LightGBM,Holdout,8.292630238879543
ET0824100209,14,LightGBM,Holdout,6.62821760404284
ET0824100209,15,LightGBM,Holdout,8.206775544097743
ET0824100209,16,LightGBM,Holdout,8.170798972978057
ET0824100209,17,LightGBM,Holdout,6.375881090809329
ET0824100209,18,LightGBM,Holdout,5.258460700028221
ET0824100209,19,LightGBM,Holdout,4.327461271529905
ET0824100209,20,LightGBM,Holdout,7.648259049321409
ET0824100209,21,LightGBM,Holdout,7.465332219403071
ET0824100209,21,LightGBM,Forecast,9.90786265252627
ET0824100209,22,LightGBM,Forecast,8.746707115564806
ET0824100209,23,LightGBM,Forecast,8.571186033346331
ET0824100209,24,LightGBM,Forecast,7.452193684905283
ET0824100209,25,LightGBM,Forecast,7.996690842553889
ET0824100209,8,CatBoost,Holdout,22.05257954097599
ET0824100209,9,CatBoost,Holdout,14.471338154605144
ET0824100209,10,CatBoost,Holdout,9.699631234462572
ET0824100209,11,CatBoost,Holdout,7.025811223843873
ET0824100209,12,CatBoost,Holdout,7.41737375465007
ET0824100209,13,CatBoost,Holdout,4.937308210029799
ET0824100209,14,CatBoost,Holdout,4.765316033401321
ET0824100209,15,CatBoost,Holdout,5.798060339051034
ET0824100209,16,CatBoost,Holdout,5.625366461240688
ET0824100209,17,CatBoost,Holdout,3.8553798622793374
ET0824100209,18,CatBoost,Holdout,4.323369844515937
ET0824100209,19,CatBoost,Holdout,4.8879351767419665
ET0824100209,20,CatBoost,Holdout,6.591147370587538
ET0824100209,21,CatBoost,Holdout,6.843223749228875
ET0824100209,21,CatBoost,Forecast,7.8446933714330775
ET0824100209,22,CatBoost,Forecast,8.497953389314635
ET0824100209,23,CatBoost,Forecast,7.466934891595165
ET0824100209,24,CatBoost,Forecast,5.008372200764357
ET0824100209,25,CatBoost,Forecast,7.379993649787746
ET0824100209,8,Ensemble,Holdout,24.41048913103753
ET0824100209,9,Ensemble,Holdout,19.669139278726345
ET0824100209,10,Ensemble,Holdout,16.370447165385116
ET0824100209,11,Ensemble,Holdout,15.501377863341073
ET0824100209,12,Ensemble,Holdout,16.749653619253056
ET0824100209,13,Ensemble,Holdout,13.227730824735366
ET0824100209,14,Ensemble,Holdout,8.856857058282358
ET0824100209,15,Ensemble,Holdout,8.707148022855883
ET0824100209,16,Ensemble,Holdout,8.396076402574348
ET0824100209,17,Ensemble,Holdout,6.307603285487349
ET0824100209,18,Ensemble,Holdout,6.278524137963146
ET0824100209,19,Ensemble,Holdout,6.653234278497718
ET0824100209,20,Ensemble,Holdout,8.689938414631301
ET0824100209,21,Ensemble,Holdout,8.567927495526902
ET0824100209,21,Ensemble,Forecast,9.898934258603068
ET0824100209,22,Ensemble,Forecast,9.531028271933218
ET0824100209,23,Ensemble,Forecast,8.9280660118859
ET0824100209,24,Ensemble,Forecast,7.3785200306643715
ET0824100209,25,Ensemble,Forecast,9.006769922334096
4A0825100001,8,Prophet,Holdout,63.043790854642666
4A0825100001,9,Prophet,Holdout,48.84847589173762
4A0825100001,10,Prophet,Holdout,48.3526718606555
4A0825100001,11,Prophet,Holdout,54.80059038168593
4A0825100001,12,Prophet,Holdout,59.30354597915923
4A0825100001,13,Prophet,Holdout,57.959493105956426
4A0825100001,14,Prophet,Holdout,54.85506904176462
4A0825100001,15,Prophet,Holdout,55.8383634008289
4A0825100001,16,Prophet,Holdout,61.05891800735601
4A0825100001,17,Prophet,Holdout,65.18438889484858
4A0825100001,18,Prophet,Holdout,64.45635834716461
4A0825100001,19,Prophet,Holdout,61.450944073602464
4A0825100001,20,Prophet,Holdout,61.64672519082495
4A0825100001,21,Prophet,Holdout,56.72995266638105
4A0825100001,21,Prophet,Forecast,69.64635666763508
4A0825100001,22,Prophet,Forecast,67.11700639762876
4A0825100001,23,Prophet,Forecast,68.74571269502242
4A0825100001,24,Prophet,Forecast,65.12319933183747
4A0825100001,25,Prophet,Forecast,59.330992508213775
4A0825100001,8,XGBoost,Holdout,77.83436107635498
4A0825100001,9,XGBoost,Holdout,77.60580117361886
4A0825100001,10,XGBoost,Holdout,87.69706072126117
4A0825100001,11,XGBoost,Holdout,83.31194904872349
4A0825100001,12,XGBoost,Holdout,81.49853406633649
4A0825100001,13,XGBoost,Holdout,82.04715401785714
4A0825100001,14,XGBoost,Holdout,73.63063103812081
4A0825100001,15,XGBoost,Holdout,65.40879494803292
4A0825100001,16,XGBoost,Holdout,84.92054421561105
4A0825100001,17,XGBoost,Holdout,62.90113122122629
4A0825100001,18,XGBoost,Holdout,65.71338762555804
4A0825100001,19,XGBoost,Holdout,55.4470225742885
4A0825100001,20,XGBoost,Holdout,54.59009606497629
4A0825100001,21,XGBoost,Holdout,55.99270502726237
4A0825100001,21,XGBoost,Forecast,26.410759925842285
4A0825100001,22,XGBoost,Forecast,52.070122310093474
4A0825100001,23,XGBoost,Forecast,31.53724534170968
4A0825100001,24,XGBoost,Forecast,26.115454537527903
4A0825100001,25,XGBoost,Forecast,27.08315372467041
4A0825100001,8,LightGBM,Holdout,70.20812271324765
4A0825100001,9,LightGBM,Holdout,104.31493512793791
4A0825100001,10,LightGBM,Holdout,114.2024847684045
4A0825100001,11,LightGBM,Holdout,102.20217950453181
4A0825100001,12,LightGBM,Holdout,100.19038672090578
4A0825100001,13,LightGBM,Holdout,108.15910789509235
4A0825100001,14,LightGBM,Holdout,100.61971395475396
4A0825100001,15,LightGBM,Holdout,91.7111164510496
4A0825100001,16,LightGBM,Holdout,109.78763118446861
4A0825100001,17,LightGBM,Holdout,90.8752792290167
4A0825100001,18,LightGBM,Holdout,116.17003841582756
4A0825100001,19,LightGBM,Holdout,110.16649126408626
4A0825100001,20,LightGBM,Holdout,106.82392469118453
4A0825100001,21,LightGBM,Holdout,113.0347973568122
4A0825100001,21,LightGBM,Forecast,78.6971693814382
4A0825100001,22,LightGBM,Forecast,76.04629839417154
4A0825100001,23,LightGBM,Forecast,73.85114518794059
4A0825100001,24,LightGBM,Forecast,73.85114518794059
4A0825100001,25,LightGBM,Forecast,73.85114518794059
4A0825100001,8,CatBoost,Holdout,76.3918544494924
4A0825100001,9,CatBoost,Holdout,75.39527209764616
4A0825100001,10,CatBoost,Holdout,75.01599621990934
4A0825100001,11,CatBoost,Holdout,68.14538911463485
4A0825100001,12,CatBoost,Holdout,57.74617610703013
4A0825100001,13,CatBoost,Holdout,54.64848066557208
4A0825100001,14,CatBoost,Holdout,52.624792545388395
4A0825100001,15,CatBoost,Holdout,50.71224035704954
4A0825100001,16,CatBoost,Holdout,55.71136174464823
4A0825100001,17,CatBoost,Holdout,49.977669996172594
4A0825100001,18,CatBoost,Holdout,55.307162498442054
4A0825100001,19,CatBoost,Holdout,48.455947531324014
4A0825100001,20,CatBoost,Holdout,51.69206507839404
4A0825100001,21,CatBoost,Holdout,50.236431256935845
4A0825100001,21,CatBoost,Forecast,35.44752682409046
4A0825100001,22,CatBoost,Forecast,33.29066471199457
4A0825100001,23,CatBoost,Forecast,31.854788509495076
4A0825100001,24,CatBoost,Forecast,31.765636669156482
4A0825100001,25,CatBoost,Forecast,31.61595436655074
4A0825100001,8,Ensemble,Holdout,71.70342304948143
4A0825100001,9,Ensemble,Holdout,75.13508430464326
4A0825100001,10,Ensemble,Holdout,79.55838118248195
4A0825100001,11,Ensemble,Holdout,75.78814211045122
4A0825100001,12,Ensemble,Holdout,73.42576727668227
4A0825100001,13,Ensemble,Holdout,74.16807290288283
4A0825100001,14,Ensemble,Holdout,69.06526394247258
4A0825100001,15,Ensemble,Holdout,64.85118997810271
4A0825100001,16,Ensemble,Holdout,76.35373395853841
4A0825100001,17,Ensemble,Holdout,66.42399800970345
4A0825100001,18,Ensemble,Holdout,73.95309442270535
4A0825100001,19,Ensemble,Holdout,67.51691597079501
4A0825100001,20,Ensemble,Holdout,67.45681130481904
4A0825100001,21,Ensemble,Holdout,67.46180832210187
4A0825100001,21,Ensemble,Forecast,52.298580722543825
4A0825100001,22,Ensemble,Forecast,56.668951697178684
4A0825100001,23,Ensemble,Forecast,51.27499856181813
4A0825100001,24,Ensemble,Forecast,48.946431908594725
4A0825100001,25,Ensemble,Forecast,47.55629093993611
BBE30251C153,8,Prophet,Holdout,0.0
BBE30251C153,9,Prophet,Holdout,0.14890060358432258
BBE30251C153,10,Prophet,Holdout,6.764551886635813
BBE30251C153,11,Prophet,Holdout,23.309633726365
BBE30251C153,12,Prophet,Holdout,37.65306936120028
BBE30251C153,13,Prophet,Holdout,34.472240919756985
BBE30251C153,14,Prophet,Holdout,11.552235381380665
BBE30251C153,15,Prophet,Holdout,0.0
BBE30251C153,16,Prophet,Holdout,0.0
BBE30251C153,17,Prophet,Holdout,6.570127455655145
BBE30251C153,18,Prophet,Holdout,27.428073823621258
BBE30251C153,19,Prophet,Holdout,26.407335848199597
BBE30251C153,20,Prophet,Holdout,5.3731472561576155
BBE30251C153,21,Prophet,Holdout,0.0
BBE30251C153,21,Prophet,Forecast,0.0
BBE30251C153,22,Prophet,Forecast,1.0507844485772782
BBE30251C153,23,Prophet,Forecast,18.907627058150972
BBE30251C153,24,Prophet,Forecast,29.58603304623762
BBE30251C153,25,Prophet,Forecast,16.613534063970928
BBE30251C153,8,XGBoost,Holdout,1.072584867477417
BBE30251C153,9,XGBoost,Holdout,1.0679819413593836
BBE30251C153,10,XGBoost,Holdout,1.2615845203399658
BBE30251C153,11,XGBoost,Holdout,1.0956238678523473
BBE30251C153,12,XGBoost,Holdout,1.0006444454193115
BBE30251C153,13,XGBoost,Holdout,1.1426069055284773
BBE30251C153,14,XGBoost,Holdout,1.0716256754738944
BBE30251C153,15,XGBoost,Holdout,1.0716256754738944
BBE30251C153,16,XGBoost,Holdout,1.0006444454193115
BBE30251C153,17,XGBoost,Holdout,1.0006444454193115
BBE30251C153,18,XGBoost,Holdout,1.0006444454193115
BBE30251C153,19,XGBoost,Holdout,1.0006444454193115
BBE30251C153,20,XGBoost,Holdout,1.0006444454193115
BBE30251C153,21,XGBoost,Holdout,1.0006444454193115
BBE30251C153,21,XGBoost,Forecast,1.6655004024505615
BBE30251C153,22,XGBoost,Forecast,1.7342709813799178
BBE30251C153,23,XGBoost,Forecast,1.7548590898513794
BBE30251C153,24,XGBoost,Forecast,1.7548590898513794
BBE30251C153,25,XGBoost,Forecast,1.7548590898513794
BBE30251C153,8,LightGBM,Holdout,1.3047355989566665
BBE30251C153,9,LightGBM,Holdout,1.3047355989566665
BBE30251C153,10,LightGBM,Holdout,1.3047355989566665
BBE30251C153,11,LightGBM,Holdout,1.3047355989566665
BBE30251C153,12,LightGBM,Holdout,1.3047355989566665
BBE30251C153,13,LightGBM,Holdout,1.3047355989566665
BBE30251C153,14,LightGBM,Holdout,1.3047355989566665
BBE30251C153,15,LightGBM,Holdout,1.3047355989566665
BBE30251C153,16,LightGBM,Holdout,1.3047355989566665
BBE30251C153,17,LightGBM,Holdout,1.3047355989566665
BBE30251C153,18,LightGBM,Holdout,1.3047355989566665
BBE30251C153,19,LightGBM,Holdout,1.3047355989566665
BBE30251C153,20,LightGBM,Holdout,1.3047355989566665
BBE30251C153,21,LightGBM,Holdout,1.3047355989566665
BBE30251C153,21,LightGBM,Forecast,1.3047355989566665
BBE30251C153,22,LightGBM,Forecast,1.3047355989566665
BBE30251C153,23,LightGBM,Forecast,1.3047355989566665
BBE30251C153,24,LightGBM,Forecast,1.3047355989566665
BBE30251C153,25,LightGBM,Forecast,1.3047355989566665
BBE30251C153,8,CatBoost,Holdout,1.356656729603151
BBE30251C153,9,CatBoost,Holdout,1.354049565128409
BBE30251C153,10,CatBoost,Holdout,1.3807845441764368
BBE30251C153,11,CatBoost,Holdout,1.3993722690909478
BBE30251C153,12,CatBoost,Holdout,1.396725133338458
BBE30251C153,13,CatBoost,Holdout,1.4020194048434376
BBE30251C153,14,CatBoost,Holdout,1.3993722690909478
BBE30251C153,15,CatBoost,Holdout,1.3993722690909478
BBE30251C153,16,CatBoost,Holdout,1.396725133338458
BBE30251C153,17,CatBoost,Holdout,1.396725133338458
BBE30251C153,18,CatBoost,Holdout,1.396725133338458
BBE30251C153,19,CatBoost,Holdout,1.396725133338458
BBE30251C153,20,CatBoost,Holdout,1.396725133338458
BBE30251C153,21,CatBoost,Holdout,1.3967251333384578
BBE30251C153,21,CatBoost,Forecast,1.4186858202777732
BBE30251C153,22,CatBoost,Forecast,1.4186858202777732
BBE30251C153,23,CatBoost,Forecast,1.4701547507399497
BBE30251C153,24,CatBoost,Forecast,1.4434875427621372
BBE30251C153,25,CatBoost,Forecast,1.4076490246297897
BBE30251C153,8,Ensemble,Holdout,1.1854326711012941
BBE30251C153,9,Ensemble,Holdout,1.1918378411532704
BBE30251C153,10,Ensemble,Holdout,1.6243309881144101
BBE30251C153,11,Ensemble,Holdout,2.519859866015975
BBE30251C153,12,Ensemble,Holdout,3.303488622867056
BBE30251C153,13,Ensemble,Holdout,3.1630322864160614
BBE30251C153,14,Ensemble,Holdout,1.8499812607103154
BBE30251C153,15,Ensemble,Holdout,1.1980149947907501
BBE30251C153,16,Ensemble,Holdout,1.1784859527000096
BBE30251C153,17,Ensemble,Holdout,1.5492801169864332
BBE30251C153,18,Ensemble,Holdout,2.726426959942137
BBE30251C153,19,Ensemble,Holdout,2.6688202107418424
BBE30251C153,20,Ensemble,Holdout,1.4817268958753176
BBE30251C153,21,Ensemble,Holdout,1.1784859527000096
BBE30251C153,21,Ensemble,Forecast,1.3605559409271302
BBE30251C153,22,Ensemble,Forecast,1.4380085728414485
BBE30251C153,23,Ensemble,Forecast,2.4666834488755085
BBE30251C153,24,Ensemble,Forecast,3.0613207959285638
BBE30251C153,25,Ensemble,Forecast,2.3184309841490385
COE492510178,8,Prophet,Holdout,9.954361439511139
COE492510178,9,Prophet,Holdout,12.78995729847051
COE492510178,10,Prophet,Holdout,16.351398281273273
COE492510178,11,Prophet,Holdout,13.923320667568236
COE492510178,12,Prophet,Holdout,7.807933440699094
COE492510178,13,Prophet,Holdout,4.67478869105912
COE492510178,14,Prophet,Holdout,7.868111757552861
COE492510178,15,Prophet,Holdout,13.438369136974188
COE492510178,16,Prophet,Holdout,14.915121747751941
COE492510178,17,Prophet,Holdout,11.071536693657395
COE492510178,18,Prophet,Holdout,7.173865892592027
COE492510178,19,Prophet,Holdout,8.283535281430025
COE492510178,20,Prophet,Holdout,13.028081239343845
COE492510178,21,Prophet,Holdout,13.362657119550434
COE492510178,21,Prophet,Forecast,18.715711131427796
COE492510178,22,Prophet,Forecast,14.509522024255629
COE492510178,23,Prophet,Forecast,12.089370565060376
COE492510178,24,Prophet,Forecast,11.570484911343465
COE492510178,25,Prophet,Forecast,13.32944101071916
COE492510178,8,XGBoost,Holdout,4.250156342983246
COE492510178,9,XGBoost,Holdout,3.3536855493273054
COE492510178,10,XGBoost,Holdout,1.9604652609143938
COE492510178,11,XGBoost,Holdout,1.6944316114698137
COE492510178,12,XGBoost,Holdout,1.8739175030163355
COE492510178,13,XGBoost,Holdout,1.8167872769492013
COE492510178,14,XGBoost,Holdout,1.3377882753099715
COE492510178,15,XGBoost,Holdout,1.5144391996519906
COE492510178,16,XGBoost,Holdout,1.4027203576905387
COE492510178,17,XGBoost,Holdout,1.7866977112633842
COE492510178,18,XGBoost,Holdout,1.2235662511416845
COE492510178,19,XGBoost,Holdout,0.663774311542511
COE492510178,20,XGBoost,Holdout,1.2293712496757507
COE492510178,21,XGBoost,Holdout,1.4778955777486165
COE492510178,21,XGBoost,Forecast,3.5723584294319153
COE492510178,22,XGBoost,Forecast,4.573335715702602
COE492510178,23,XGBoost,Forecast,5.2000686781747
COE492510178,24,XGBoost,Forecast,5.256383419036865
COE492510178,25,XGBoost,Forecast,5.256383419036865
COE492510178,8,LightGBM,Holdout,6.012689119096297
COE492510178,9,LightGBM,Holdout,5.363773700163402
COE492510178,10,LightGBM,Holdout,4.458300684808503
COE492510178,11,LightGBM,Holdout,4.9005682592314885
COE492510178,12,LightGBM,Holdout,5.030135540133864
COE492510178,13,LightGBM,Holdout,4.543221320133789
COE492510178,14,LightGBM,Holdout,4.628141955459074
COE492510178,15,LightGBM,Holdout,4.537706398098708
COE492510178,16,LightGBM,Holdout,4.431414790177059
COE492510178,17,LightGBM,Holdout,5.300661439354931
COE492510178,18,LightGBM,Holdout,4.411069158684439
COE492510178,19,LightGBM,Holdout,4.576815182980932
COE492510178,20,LightGBM,Holdout,4.897898292179334
COE492510178,21,LightGBM,Holdout,5.072722907743816
COE492510178,21,LightGBM,Forecast,4.5796632723579656
COE492510178,22,LightGBM,Forecast,4.553776716494782
COE492510178,23,LightGBM,Forecast,4.554299260077653
COE492510178,24,LightGBM,Forecast,4.554299260077653
COE492510178,25,LightGBM,Forecast,4.544153655165528
COE492510178,8,CatBoost,Holdout,5.741261659745569
COE492510178,9,CatBoost,Holdout,4.869513621060684
COE492510178,10,CatBoost,Holdout,2.423260145663533
COE492510178,11,CatBoost,Holdout,2.6715963381162235
COE492510178,12,CatBoost,Holdout,3.6020264923902316
COE492510178,13,CatBoost,Holdout,3.4927708684043273
COE492510178,14,CatBoost,Holdout,2.3662616265628715
COE492510178,15,CatBoost,Holdout,2.93954805194278
COE492510178,16,CatBoost,Holdout,3.287107163196233
COE492510178,17,CatBoost,Holdout,3.6433719230991315
COE492510178,18,CatBoost,Holdout,2.8469286999809387
COE492510178,19,CatBoost,Holdout,2.0686654549143855
COE492510178,20,CatBoost,Holdout,3.106341352467376
COE492510178,21,CatBoost,Holdout,3.4381997557633226
COE492510178,21,CatBoost,Forecast,3.95215479414433
COE492510178,22,CatBoost,Forecast,4.198820186598074
COE492510178,23,CatBoost,Forecast,4.734232017829507
COE492510178,24,CatBoost,Forecast,4.549710997028052
COE492510178,25,CatBoost,Forecast,4.485627720333423
COE492510178,8,Ensemble,Holdout,6.209435418373128
COE492510178,9,Ensemble,Holdout,6.062152069311154
COE492510178,10,Ensemble,Holdout,5.390722617220679
COE492510178,11,Ensemble,Holdout,5.084760264188828
COE492510178,12,Ensemble,Holdout,4.335765187159444
COE492510178,13,Ensemble,Holdout,3.588388934595755
COE492510178,14,Ensemble,Holdout,3.740171360452362
COE492510178,15,Ensemble,Holdout,4.929411610288405
COE492510178,16,Ensemble,Holdout,5.2397060024148185
COE492510178,17,Ensemble,Holdout,4.990399795163432
COE492510178,18,Ensemble,Holdout,3.666510824808551
COE492510178,19,Ensemble,Holdout,3.547586403906322
COE492510178,20,Ensemble,Holdout,4.93535503847628
COE492510178,21,Ensemble,Holdout,5.2030311597662235
COE492510178,21,Ensemble,Forecast,6.6948106834945795
COE492510178,22,Ensemble,Forecast,6.248371515824402
COE492510178,23,Ensemble,Forecast,6.123415445481306
COE492510178,24,Ensemble,Forecast,5.989838810758106
COE492510178,25,Ensemble,Forecast,6.285131308726528
